<?xml version="1.0" encoding="utf-8"?>

<QGen-keywords>
  <Statements>
    <Keyword name = "pl" desc = "PL [expression] / * PL [expression] - output text to the additional / main description window, then go to a new line"/>
    <Keyword name = "clear" desc = "CLEAR / * CLEAR - clear the secondary / main description window"/>
    <Keyword name = "clr" desc = "CLR / * CLR - clear the secondary / main description window"/>
    <Keyword name = "p" desc = "P [expression] / * P [expression] - output text in the additional / main description window"/>
    <Keyword name = "nl" desc = "NL [expression] / * NL [expression] - go to a new line, then print the text in the additional / main description window"/>
    <Keyword name = "msg" desc = "MSG [expression] - output the message in the information window"/>
    <Keyword name = "wait" desc = "WAIT [#expression] - stop execution of the program for a specified number of milliseconds"/>
    <Keyword name = "act" desc = "ACT [$title], [$path to image]: [operator] &amp; [operator] &amp; ... - adding action"/>
    <Keyword name = "delact" desc = "DELACT [$name] / DEL ACT [$name] - delete action"/>
    <Keyword name = "cla" desc = "CLA - clearing the action list"/>
    <Keyword name = "cmdclear" desc = "CMDCLEAR - clear input line"/>
    <Keyword name = "cmdclr" desc = "CMDCLEAR - clear input line"/>
    <Keyword name = "cls" desc = "CLS - clears the screen, leaving only a list of items"/>
    <Keyword name = "menu" desc = "MENU [$expression] - Displays a menu with the given name"/>
    <Keyword name = "settimer" desc = "SETTIMER [#expression] - sets the timer interval for the counter location"/>
    <Keyword name = "dynamic" desc = "DYNAMIC [$line of code], [parameter 1], [parameter 2], ... - dynamic code execution"/>
    <Keyword name = "set" desc = "SET [variable name] = [expression] - setting the value of the variable"/>
    <Keyword name = "let" desc = "LET [variable name] = [expression] - setting the value of the variable"/>
    <Keyword name = "killvar" desc = "KILLVAR [$title], [#index] - delete all variables / specified variable"/>
    <Keyword name = "copyarr" desc = "COPYARR [$array-receiver], [$array-source] - copy the contents of the array to another array"/>
    <Keyword name = "addobj" desc = "ADDOBJ [$title], [$path to image], [#position] / ADD OBJ [$title], [$path to image], [#position]"/>
    <Keyword name="delobj" Desc = "DELOBJ [$title] / DEL OBJ [$title] - deletion of the subject"/>
    <Keyword name = "killobj" desc = "KILLOBJ [#position] - delete all items / items in the given position"/>
    <Keyword name = "unselect" desc = "UNSELECT - cancellation of object selection"/>
    <Keyword name = "unsel" desc = "UNSEL - deselect item"/>
    <Keyword name = "killall" desc = "KILLALL - delete all variables and objects"/>
    <Keyword name = "opengame" desc = "OPENGAME [$expression] - loading the game state"/>
    <Keyword name = "openqst" desc = "OPENQST [$expression] - opening and launching the game file"/>
    <Keyword name = "addqst" desc = "ADDQST [$expression] - adding locations from the specified file"/>
    <Keyword name = "killqst" desc = "KILLQST - delete all locations added through ADDQST"/>
    <Keyword name = "savegame" desc = "SAVEGAME [$expression] - saving the game state"/>
    <Keyword name = "refint" desc = "REFINT - update the interface"/>
    <Keyword name = "showacts" desc = "SHOWACTS [#expression] - show / hide action list"/>
    <Keyword name = "showinput" desc = "SHOWINPUT [#expression] - show / hide the input line"/>
    <Keyword name = "showobjs" desc = "SHOWOBJS [#expression] - show / hide the list of items"/>
    <Keyword name = "showstat" desc = "SHOWSTAT [#expression] - show / hide additional description window"/>
    <Keyword name = "if" desc = "IF [#expression]: [operator1] &amp; [operator2] &amp; ... ELSE [statement3] &amp; [operator4] &amp; ... - condition"/>
    <Keyword name = "else" desc = "IF [#expression]: [operator1] &amp; [operator2] &amp; ... ELSE [statement3] &amp; [operator4] &amp; ... - condition"/>
    <Keyword name = "elseif" desc = "ELSEIF [#expression]: [operator1] &amp; [operator2] &amp; ... is an alternative condition"/>
    <Keyword name = "exit" desc = "EXIT - completion of the current code execution"/>
    <Keyword name = "end" desc = "END - completion of multi-line IF / ACT form"/>
    <Keyword name = "jump" desc = "JUMP [$expression] - go to the specified label"/>
    <Keyword name = "gosub" desc = "GOSUB [$expression], [parameter 1], [parameter 2], ... - processing of the specified location"/>
    <Keyword name = "gs" desc = "GS [$expression], [parameter 1], [parameter 2], ... - processing of the specified location"/>
    <Keyword name = "goto" desc = "GOTO [$expression], [parameter 1], [parameter 2], ... - go to the specified location"/>
    <Keyword name = "gt" desc = "GT [$expression], [parameter 1], [parameter 2], ... - go to the specified location"/>
    <Keyword name = "xgoto" desc = "XGOTO [$expression], [parameter 1], [parameter 2], ... - go to the specified location without clearing the main description window"/>
   <Keyword name = "xgt" desc = "XGT [$expression], [parameter 1], [parameter 2], ... - go to the specified location without clearing the main description window" />
    <Keyword name = "play" desc = "PLAY [$path to the sound file], [#volume] - play the sound file at the specified volume" />
    <Keyword name = "close" desc = "CLOSE [$path to the sound file] / CLOSE ALL - stop playing the sound file / all sound files" />
    <Keyword name = "view" desc = "VIEW [$path to the image file] - viewing the image" />
  </Statements>
  <Expressions>
    <Keyword name = "and" desc = "[#expression 1] AND [#expression 2] is a logical &quot; and = &quot;" />
    <Keyword name = "or" desc = "[#expression 1] OR [#expression 2] - logical &quot; or &quot;" />
    <Keyword name = "obj" desc = "OBJ [$object] - checking the availability of the item in the backpack" />
    <Keyword name = "loc" desc = "LOC [$location] - checking the existence of the location" />
    <Keyword name = "no" desc = "NO [#expression] - negation" />
    <Keyword name = "mod" desc = "[#expression 1] MOD [#expression 2] - calculating the remainder of the division" />
    <Keyword name = "desc" desc = "DESC ([$expression]) - returns the text of the basic description of the location" />
    <Keyword name = "$desc" desc = "$DESC ([$expression]) - returns the text of the basic description of the location" />
    <Keyword name = "iif" desc = "IIF ([#expression], [expression_da], [expression_non]) - returns one of the expressions by the condition" />
    <Keyword name = "$iif" desc = "$IIF ([#expression], [expression_da], [expression_non]) - returns one of the expressions by the condition" />
    <Keyword name = "input" desc = "INPUT ([expression]) - shows the text input window and returns the entered value "/>
    <Keyword name = "$input" desc = "$INPUT ([expression]) - shows the text input window and returns the entered value" />
    <Keyword name = "isplay" desc = "ISPLAY ([$expression]) - checks if the specified file is currently playing" />
    <Keyword name = "max" desc = "MAX ([expression 1], [expression 2], ...) - returns the maximum of the argument values" />
    <Keyword name = "$max" desc = "$MAX ([expression 1], [expression 2], ...) - returns the maximum of the argument values" />
    <Keyword name = "min" desc = "MIN ([expression 1], [expression 2], ...) - returns the minimum of the argument values" />
    <Keyword name = "$min" desc = "$MIN ([expression 1], [expression 2], ...) - returns the minimum of the values ​​of the arguments" />
    <Keyword name = "rand" desc = "RAND ([#expression 1], [#expression 2]) - returns a random number between the given" />
    <Keyword name = "rgb" desc = "RGB ([#red], [#green], [#blue]) - returns the color code based on 3 components" />
    <Keyword name = "getobj" desc = "GETOBJ ([#position]) - returns the name of the item located in the specified position" />
    <Keyword name = "$getobj" desc = "$GETOBJ ([#position]) - returns the name of the item located in the specified position" />
    <Keyword name = "dyneval" desc = "DYNEVAL ([$expression], [parameter 1], [parameter 2], ...) - returns the value of the dynamically calculated expression" />
    <Keyword name = "$dyneval" desc = "$DYNEVAL ([$expression], [parameter 1], [parameter 2], ...) - returns the value of the dynamically calculated expression" />
    <Keyword name = "func" desc = "FUNC ([$expression], [parameter 1], [parameter 2], ...) - processing of the specified location as a function" />
    <Keyword name = "$func" desc = "$FUNC ([$expression], [parameter 1], [parameter 2], ...) - processing of the specified location as a function" />
    <Keyword name = "arrsize" desc = "ARRSIZE ([$expression]) - returns the number of elements in the specified array" />
    <Keyword name = "arrpos" desc = "ARRPOS ([#start index], [$array name], [value]) - search in the array of the element with a given value" />
    <Keyword name = "instr" desc = "INSTR ([#start position], [$text], [$search text]) - search for the occurrence of text" />
    <Keyword name = "isnum" desc = "ISNUM ([$expression]) - checks whether the specified string is a number" />
    <Keyword name = "trim" desc = "TRIM ([$expression]) removes adjacent spaces and tabs from the text "/>
    <Keyword name = "$trim" desc = "$TRIM ([$expression]) - removes adjacent spaces and tabs from the text" />
    <Keyword name = "ucase" desc = "UCASE ([$expression]) - converts small letters of text to large" />
    <Keyword name = "$ucase" desc = "$UCASE ([$expression]) - converts small letters of text to large" />
    <Keyword name = "lcase" desc = "LCASE ([$expression]) - converts large letters of text into small" />
    <Keyword name = "$lcase" desc = "$LCASE ([$expression]) - converts large letters of text into small" />
    <Keyword name = "len" desc = "LEN ([$expression]) - returns the length of the specified string" />
    <Keyword name = "mid" desc = "MID ([$text], [#start], [#length]) - cuts out the string of the specified length starting from the specified position" />
    <Keyword name = "$mid" desc = "$MID ([$text], [#start], [#length]) - cuts out the string of the specified length starting from the specified position" />
    <Keyword name = "replace" desc = "REPLACE ([$text], [$search text], [$replace text]) - replaces the specified string in the text" />
<Keyword name = "$replace" desc = "$REPLACE ([$text], [$search text], [$replace text]) - replaces the specified string in the text" />
   <Keyword name="str" desc="STR([#expression]) - converts the number to the string" />
    <Keyword name = "$str" desc = "$STR ([#expression]) - converts the number to the string" />
    <Keyword name = "val" desc = "VAL ([$expression]) - converts the string to the number" />
    <Keyword name="arrcomp" Desc = "ARRCOMP ([#initial index], [$array name], [$template]) - search in the array of the element corresponding to the regular expression" />
    <Keyword name="strcomp" Desc = "STRCOMP ([$expression], [$template]) - checks the specified text for matching the regular expression" />
    <Keyword name="strfind" Desc = "STRFIND ([$expression], [$pattern], [#number]) - returns a substring corresponding to the group with the [#number] of the regular expression" />
    <Keyword name="$strfind" Desc = "$STRFIND ([$expression], [$pattern], [#number]) - returns a substring corresponding to the group with the [#number] of the regular expression" />
    <Keyword name="strpos" Desc = "STRPOS ([$expression], [$pattern], [#number]) - returns the position of the substring corresponding to the group with the [#number] of the regular expression" />
    <Keyword name = "countobj" desc = "COUNTOBJ - returns the current number of items" />
    <Keyword name = "msecscount" desc = "MSECSCOUNT - returns the number of milliseconds since the beginning of the game" />
    <Keyword name = "rnd" desc = "RND - returns a random value from 1 to 1000" />
    <Keyword name = "curloc" desc = "CURLOC - returns the name of the current location" />
    <Keyword name = "$curloc" desc = "$CURLOC - returns the name of the current location" />
    <Keyword name = "qspver" desc = "QSPVER - returns interpreter version" />
    <Keyword name = "$qspver" desc = "$QSPVER - returns the interpreter version" />
    <Keyword name = "selobj" desc = "SELOBJ - returns the name of the selected item" />
    <Keyword name = "$selobj" desc = "$SELOBJ - returns the name of the selected item" />
    <Keyword name = "selact" desc = "SELACT - returns the name of the selected action" />
    <Keyword name = "$selact" desc = "$SELACT - returns the name of the selected action" />
    <Keyword name = "curacts" desc = "CURACTS - returns all current actions as code" />
    <Keyword name = "$curacts" desc = "$CURACTS - returns all current actions as code" />
    <Keyword name = "user_text" desc = "USER_TEXT - returns text in the input line" />
    <Keyword name = "$user_text" desc = "$USER_TEXT - returns text in the input line" />
    <Keyword name = "usrtxt" desc = "USRTXT - returns text in the input line" />
    <Keyword name = "$usrtxt" desc = "$USRTXT - returns text in the input line" />
    <Keyword name = "maintxt" desc = "MAINTXT - returns text in the main description window" />
    <Keyword name = "$maintxt" desc = "$MAINTXT - returns text in the main description window" />
    <Keyword name = "stattxt" desc = "STATTXT - returns text in the additional description window" />
    <Keyword name = "$stattxt" desc = "$STATTXT - returns text in the additional description window" />
  </Expressions>
  <Variables>
    <Keyword name = "args" desc = "ARGS - array with procedure / function parameters" />
    <Keyword name = "$args" desc = "$ARGS - array with procedure / function parameters" />
    <Keyword name = "result" desc = "RESULT - the variable contains the result returned by the current function" />
    <Keyword name = "$result" desc = "$RESULT - the variable contains the result returned by the current function" />
    <Keyword name = "disablescroll" desc = "DISABLESCROLL - if the variable is not 0, it disables auto-scrolling of text when outputting" />
    <Keyword name = "disablesubex" desc = "DISABLESUBEX - if the variable is not 0, it prohibits the use of &quot; subexpressions &quot; in the text" />
    <Keyword name = "nosave" desc = "NOSAVE - if the variable is not 0, then the user can not save the game state" />
    <Keyword name = "debug" desc = "DEBUG - if the variable is not 0, then checking the game ID when the state is loaded" />
    <Keyword name = "$counter" desc = "$COUNTER - variable contains the name of the counter location" />
    <Keyword name = "$ongload" desc = "$ONGLOAD - variable contains the name of the load handler location" />
    <Keyword name = "$ongsave" desc = "$ONGSAVE - the variable contains the name of the stateful handler" />
    <Keyword name = "$onnewloc" desc = "$ONNEWLOC - the variable contains the name of the handler location for the transition to a new location" />
    <Keyword name = "$onactsel" desc = "$ONACTSEL - variable contains the name of the action handler locator" />
    <Keyword name = "$onobjsel" desc = "$ONOBJSEL - variable contains the name of the object-handling handler location" />
    <Keyword name = "$onobjadd" desc = "$ONOBJADD - the variable contains the name of the object handler" />
    <Keyword name = "$onobjdel" desc = "$ONOBJDEL - variable contains the name of the object-removal handler location" />
    <Keyword name = "$usercom" desc = "$USERCOM - variable contains the name of the input line handler locale" />
<Keyword name = "usehtml" desc = "USEHTML - if the variable is not 0, then it includes the ability to use HTML" />
     <Keyword name = "bcolor" desc = "BCOLOR - the variable contains the background color" />
     <Keyword name = "fcolor" desc = "FCOLOR - variable contains the main font color" />
     <Keyword name = "lcolor" desc = "LCOLOR - the variable contains the primary color of the links" />
     <Keyword name = "fsize" desc = "FSIZE - variable contains the main font size" />
     <Keyword name = "$fname" desc = "$FNAME - the variable contains the name of the main font" />
     <Keyword name = "$backimage" desc = "$BACKIMAGE - the variable contains the path to the background image" />
   </Variables>
</QGen-keywords>